{
  "meta": {
    "processed": 320
  },
  "weights": [
    0.007744888661650561,
    -0.007805759560591771,
    0.006036899384345124,
    -0.007134602147239395,
    0.0009753778767768284,
    -0.005213115309008577,
    0.0005122786007679542,
    -0.005993208921612647,
    0.002640760446547555,
    -0.001630414202564204,
    0.00803402229142698,
    0.00033563623078311684,
    0.002159418490459276,
    0.0033557588364204996,
    -0.005018372256241065,
    -0.005629456120066585,
    -0.0013470974192801722,
    0.007547754569694873,
    0.00285684573397465,
    0.00798834963603355,
    -0.004575621690403776,
    0.0040685910506931,
    0.007371500442485593,
    0.0035254740649264143,
    -0.0015046310677662275,
    -0.008327815920001525,
    0.005082496943020935,
    0.007160172589278759,
    0.0038540641374922927,
    0.00877367879028173,
    -0.0069354057087843875,
    0.0032342485455791187,
    0.003922925566198481,
    -0.00515751709079655,
    -0.008584421589985819,
    0.0069593972327896,
    0.008145207512683071,
    -0.000795746280825617,
    0.0012912893944434164,
    0.0031665721068857774,
    0.0038758357366446717,
    -0.00005382205460439937,
    -0.004171386951338846,
    -0.0034369245637890424,
    0.008659841394339597,
    0.003375964879192329,
    0.007846994430663294,
    0.004753188966668893,
    -0.0014671067132081784,
    0.0038585505070462163,
    -0.0005556758861857639,
    -0.009122247397995484,
    -0.004741492393431633,
    -0.006050782839719881,
    0.007513056496658996,
    0.009169082092527779,
    -0.004886776594095172,
    -0.007212334651805494,
    0.00041238523651843974,
    -0.0025164080711814864,
    0.0016241584881257487,
    0.006597544191444819,
    -0.008685397342013264,
    -0.0037250957912019975,
    0.0009234282912192245,
    -0.004973555494584779,
    0.0036743554915053458,
    -0.001030810795469135,
    -0.001731554415764027,
    -0.006312305479364155,
    0.008108289061590382,
    -0.008932600491674443,
    0.005727027086957738,
    0.001004808432674862,
    -0.007639853627657573,
    -0.009800509049467136,
    0.009503500547109313,
    -0.0025790706558636097,
    -0.0048103696495413765,
    0.0043482450159016165,
    -0.007779861434188355,
    0.009411397745652866,
    -0.009039196476483649,
    -0.005057532162839226,
    0.003271011108417038,
    0.005633046211730524,
    0.005769180138365676,
    -0.00036531232743895173,
    0.003874292311731989,
    0.00019417045119734996,
    -0.007306029579283686,
    -0.009277715637505,
    0.005672369521699161,
    -0.005993213794873425,
    0.007521941921389419,
    -0.009807460741429597,
    0.002230950815467173,
    -0.0070076233850407624,
    -0.0039628722813049065,
    0.0005807402992647698,
    0.008282761893932287,
    0.004127764219895613,
    0.004980118749640423,
    0.0025197556522578643,
    0.003657220111852254,
    -0.0028251184971198563,
    -0.004798541742980713,
    0.0007751073004814875,
    0.007142670912895205,
    0.0025168868905331362,
    -0.006020551945433573,
    0.008384091830184865,
    -0.008340454921479763,
    0.0020753676507214098,
    0.00770744750307336,
    -0.004611446654205632,
    -0.00813523598204912,
    0.0008541524292513819,
    0.00903021001379955,
    -0.008205262585555914,
    0.002021325797550216,
    -0.006715033900257078,
    -0.009924257517150295,
    0.0030425394701072573,
    -0.0021247940997703805,
    -0.000077390774979206,
    -0.004265695527296499,
    -0.008342638499737504
  ]
}