{
  "meta": {
    "processed": 64
  },
  "weights": [
    0.007744888661650561,
    -0.007795730731757184,
    0.006177657533554658,
    -0.007134602147239395,
    0.0010751071829334345,
    -0.0050881664272006575,
    0.0005122786007679542,
    -0.005773611660941508,
    0.0027565045538482137,
    -0.0016200852502990214,
    0.00803402229142698,
    0.00033563623078311684,
    0.002224156855917359,
    0.0035270915442407063,
    -0.004998411085340648,
    -0.005513712012765925,
    -0.0013371584613512313,
    0.007547754569694873,
    0.003087246350997802,
    0.00798834963603355,
    -0.004570746187780227,
    0.004063611246454126,
    0.007612168168284208,
    0.0035507826622513013,
    -0.0014034708713998366,
    -0.008327815920001525,
    0.0052326694108690485,
    0.007160172589278759,
    0.0038540641374922927,
    0.00877367879028173,
    -0.006955450866532243,
    0.003244355213149279,
    0.003922925566198481,
    -0.005137548209078705,
    -0.008584421589985819,
    0.006805405996467025,
    0.008311308024645622,
    -0.00036030402214719433,
    0.0012912893944434164,
    0.0031569239531507114,
    0.003993010629715426,
    -0.00005382205460439937,
    -0.004066066480502348,
    -0.0034369245637890424,
    0.008505850158017025,
    0.003236988172225388,
    0.007857205109111974,
    0.004773182731838769,
    -0.0014471366235804404,
    0.0038585505070462163,
    -0.0005556758861857639,
    -0.008737467981891763,
    -0.004895483629754208,
    -0.005904440360734314,
    0.0076688621281663415,
    0.009164109556016162,
    -0.004886776594095172,
    -0.007212334651805494,
    0.00041238523651843974,
    -0.0024914751556265997,
    0.0016241584881257487,
    0.006653323023427996,
    -0.008685397342013264,
    -0.0037250957912019975,
    0.0009234282912192245,
    -0.004968576747562174,
    0.0036743554915053458,
    -0.001030810795469135,
    -0.0014394963017405526,
    -0.006312305479364155,
    0.008559398490971091,
    -0.008932600491674443,
    0.005962210795311677,
    0.00101481828505859,
    -0.007639853627657573,
    -0.009800509049467136,
    0.00962340413727825,
    -0.002574075313980868,
    -0.004800411926225977,
    0.00434326568831254,
    -0.007700227379194787,
    0.009411397745652866,
    -0.00888394340227312,
    -0.004876483000865659,
    0.003271011108417038,
    0.005633118453051067,
    0.005885211790958318,
    0.0001605194171629988,
    0.003874292311731989,
    0.0003340709280215889,
    -0.007306029579283686,
    -0.009157812047336063,
    0.005693323523123351,
    -0.005993213794873425,
    0.007521941921389419,
    -0.009807460741429597,
    0.002215999220450854,
    -0.0070076233850407624,
    -0.0038221141320953713,
    0.0005658560554611403,
    0.008282761893932287,
    0.004333963327569151,
    0.0051105684938809025,
    0.0023705786236434493,
    0.003662230830938534,
    -0.0028251184971198563,
    -0.004798541742980713,
    0.0007751073004814875,
    0.00711790759583151,
    0.0026576450397426707,
    -0.005905491249060947,
    0.008399168228495011,
    -0.00833548357277489,
    0.002165997802444874,
    0.007848872807938804,
    -0.004611446654205632,
    -0.00813523598204912,
    0.0008741425237325638,
    0.009045322978394726,
    -0.008205262585555914,
    0.002021325797550216,
    -0.006715033900257078,
    -0.009924257517150295,
    0.0030425394701072573,
    -0.0021247940997703805,
    0.000002243280014361688,
    -0.004124937378086965,
    -0.00820188035052797
  ]
}