{
  "meta": {
    "processed": 192
  },
  "weights": [
    0.007744888661650561,
    -0.007790685697848478,
    0.0061123040061145245,
    -0.007134602147239395,
    0.0010202922450464297,
    -0.005158116428119246,
    0.0005122786007679542,
    -0.005903437964099461,
    0.002686010449555055,
    -0.0016552617102157275,
    0.00803402229142698,
    0.00033563623078311684,
    0.0021793052106166,
    0.0034314221840738945,
    -0.005008391347435489,
    -0.005584206117059084,
    -0.0013371584613512313,
    0.007547754569694873,
    0.0029720837534378333,
    0.00798834963603355,
    -0.004565675376016151,
    0.004063611246454126,
    0.007476704328237562,
    0.0035355904704132747,
    -0.0014540237119954262,
    -0.008327815920001525,
    0.005147628063328784,
    0.007160172589278759,
    0.0038540641374922927,
    0.00877367879028173,
    -0.006940421282318349,
    0.0032342485455791187,
    0.003922925566198481,
    -0.00515751709079655,
    -0.008584421589985819,
    0.006869953509475526,
    0.00820069857437232,
    -0.0006354655204039793,
    0.0012912893944434164,
    0.0031617382678983084,
    0.003912074280731984,
    -0.00005382205460439937,
    -0.004136193282495037,
    -0.0034369245637890424,
    0.008570397671025524,
    0.0032865211558782558,
    0.007857137047752798,
    0.004758204285744275,
    -0.0014571048948473053,
    0.0038585505070462163,
    -0.0005556758861857639,
    -0.008957296041489045,
    -0.004830936116745707,
    -0.006000043379170547,
    0.007588461118428396,
    0.009164109556016162,
    -0.004886776594095172,
    -0.007212334651805494,
    0.00041238523651843974,
    -0.0025014430840492353,
    0.0016241584881257487,
    0.006622901409189856,
    -0.008685397342013264,
    -0.0037250957912019975,
    0.0009234282912192245,
    -0.004973555494584779,
    0.0036743554915053458,
    -0.001030810795469135,
    -0.0016256843965039814,
    -0.006312305479364155,
    0.008323736732841695,
    -0.008932600491674443,
    0.005822223278369738,
    0.001004808432674862,
    -0.007639853627657573,
    -0.009800509049467136,
    0.009558434401524762,
    -0.002574075313980868,
    -0.0048103696495413765,
    0.00434326568831254,
    -0.00775003644931462,
    0.009411397745652866,
    -0.008964129895105984,
    -0.004997081040954482,
    0.003271011108417038,
    0.005623107560622268,
    0.005809619462065924,
    -0.0001300863379622788,
    0.003874292311731989,
    0.0002591155057758195,
    -0.007306029579283686,
    -0.009222781783089551,
    0.005667858795967094,
    -0.005993213794873425,
    0.007521941921389419,
    -0.009807460741429597,
    0.002221004641778035,
    -0.0070076233850407624,
    -0.0038874676595355064,
    0.0005757793601400583,
    0.008282761893932287,
    0.004223388367096315,
    0.005035329616924282,
    0.0024203816080884556,
    0.003662230830938534,
    -0.0028251184971198563,
    -0.004798541742980713,
    0.0007751073004814875,
    0.00711790759583151,
    0.0025922915123025355,
    -0.005975485007531916,
    0.008394148473906444,
    -0.00833548357277489,
    0.0020858613153829034,
    0.0077831386632072315,
    -0.004611446654205632,
    -0.00813523598204912,
    0.0008541524292513819,
    0.00903522259069936,
    -0.008205262585555914,
    0.002021325797550216,
    -0.006715033900257078,
    -0.009924257517150295,
    0.0030425394701072573,
    -0.0021247940997703805,
    -0.00004756579010547164,
    -0.004190290905527099,
    -0.008267233877968107
  ]
}