{
  "meta": {
    "processed": 384
  },
  "weights": [
    0.007744888661650561,
    -0.007825646555726687,
    0.005996777741084218,
    -0.007134602147239395,
    0.0009504854545421612,
    -0.005248084294678857,
    0.0005122786007679542,
    -0.006043051453067032,
    0.0026106191165831466,
    -0.0016504554195002435,
    0.00803402229142698,
    0.00033563623078311684,
    0.0021394876181279644,
    0.003320537402927825,
    -0.005023359918261844,
    -0.005659597450030993,
    -0.0013470974192801722,
    0.007547754569694873,
    0.002791831668479076,
    0.00798834963603355,
    -0.004570612787868201,
    0.0040685910506931,
    0.007306367462243824,
    0.003520415730186439,
    -0.0015449374792216829,
    -0.008327815920001525,
    0.005047436103768776,
    0.007160172589278759,
    0.0038540641374922927,
    0.00877367879028173,
    -0.006930396806248813,
    0.0032292710690966222,
    0.003922925566198481,
    -0.00515751709079655,
    -0.008584421589985819,
    0.006989182623947757,
    0.008099980082709637,
    -0.0009205576713002927,
    0.0012912893944434164,
    0.0031615144849166028,
    0.0038154296330843887,
    -0.00005382205460439937,
    -0.004216534268033223,
    -0.0034369245637890424,
    0.008689626785497754,
    0.0034057502703504867,
    0.00785188426324132,
    0.004753188966668893,
    -0.00147207794711884,
    0.0038585505070462163,
    -0.0005556758861857639,
    -0.009211960413788285,
    -0.0047117070022734756,
    -0.006105970244125126,
    0.00747293485339809,
    0.009169082092527779,
    -0.004886776594095172,
    -0.007212334651805494,
    0.00041238523651843974,
    -0.002521402705314567,
    0.0016241584881257487,
    0.006592402715875224,
    -0.008685397342013264,
    -0.0037250957912019975,
    0.0009234282912192245,
    -0.004973555494584779,
    0.0036743554915053458,
    -0.001030810795469135,
    -0.0018120076281815457,
    -0.006312305479364155,
    0.007983220614873348,
    -0.008932600491674443,
    0.005661874014889074,
    0.001004808432674862,
    -0.007649806332804409,
    -0.009800509049467136,
    0.009483565169592112,
    -0.0025790706558636097,
    -0.0048103696495413765,
    0.0043482450159016165,
    -0.007814682063755117,
    0.009411397745652866,
    -0.009084151589869941,
    -0.005107750268879048,
    0.003271011108417038,
    0.005633046211730524,
    0.005718880784215647,
    -0.0004953131339771292,
    0.003874292311731989,
    0.0001592014655270713,
    -0.007306029579283686,
    -0.009297651015022201,
    0.0056622151409302865,
    -0.005993213794873425,
    0.007521941921389419,
    -0.009807460741429597,
    0.002230950815467173,
    -0.0070076233850407624,
    -0.004002993924565813,
    0.0005956252681072985,
    0.008282761893932287,
    0.004067522430922955,
    0.004935163636254134,
    0.002544611073539325,
    0.003657220111852254,
    -0.0028251184971198563,
    -0.004798541742980713,
    0.0007751073004814875,
    0.007142670912895205,
    0.00247676524727223,
    -0.0060505996704833176,
    0.008384091830184865,
    -0.008350411427695492,
    0.002060352316968468,
    0.007662087774651349,
    -0.004611446654205632,
    -0.00813523598204912,
    0.0008541524292513819,
    0.00902516155385293,
    -0.008205262585555914,
    0.002021325797550216,
    -0.006715033900257078,
    -0.009924257517150295,
    0.0030425394701072573,
    -0.0021247940997703805,
    -0.00010228319721387332,
    -0.004305817170557405,
    -0.00838276014299841
  ]
}