{
  "meta": {
    "processed": 128
  },
  "weights": [
    0.007744888661650561,
    -0.007795712818410918,
    0.0061474745666880125,
    -0.007134602147239395,
    0.0010402421969579714,
    -0.005123152674495701,
    0.0005122786007679542,
    -0.0058434494653613325,
    0.002726297057128133,
    -0.0016251178957187038,
    0.00803402229142698,
    0.00033563623078311684,
    0.0021892918699418953,
    0.003486800737694205,
    -0.005008391347435489,
    -0.005543919509486006,
    -0.0013371584613512313,
    0.007547754569694873,
    0.0030221983981556923,
    0.00798834963603355,
    -0.0045607437241287725,
    0.004063611246454126,
    0.0075570199067184545,
    0.003540661176355224,
    -0.0014237062508749927,
    -0.008327815920001525,
    0.0051776446755632975,
    0.007160172589278759,
    0.0038540641374922927,
    0.00877367879028173,
    -0.0069454484028807885,
    0.0032393144246670755,
    0.003922925566198481,
    -0.005152527958617625,
    -0.008584421589985819,
    0.00684512712125147,
    0.008271145120752074,
    -0.0005103259789419227,
    0.0012912893944434164,
    0.003161855340300076,
    0.003977621435074109,
    -0.00005382205460439937,
    -0.004106085652459237,
    -0.0034369245637890424,
    0.00854557128280147,
    0.0032616947676542005,
    0.007857205109111974,
    0.004758204285744275,
    -0.0014471366235804404,
    0.0038585505070462163,
    -0.0005556758861857639,
    -0.008847358220836621,
    -0.004855762504969763,
    -0.0059447401582281975,
    0.007623631679001884,
    0.009164109556016162,
    -0.004886776594095172,
    -0.007212334651805494,
    0.00041238523651843974,
    -0.0024914751556265997,
    0.0016241584881257487,
    0.006648129774431624,
    -0.008685397342013264,
    -0.0037250957912019975,
    0.0009234282912192245,
    -0.004973555494584779,
    0.0036743554915053458,
    -0.001030810795469135,
    -0.001509866702354181,
    -0.006312305479364155,
    0.00845407000831142,
    -0.008932600491674443,
    0.005872225986041079,
    0.0010098130583653085,
    -0.007639853627657573,
    -0.009800509049467136,
    0.009598463372432578,
    -0.002574075313980868,
    -0.004805383660764629,
    0.00434326568831254,
    -0.00773509236517025,
    0.009411397745652866,
    -0.008909001639775245,
    -0.00492164074039701,
    0.003271011108417038,
    0.005633118453051067,
    0.00585996691987115,
    0.000040321249472895584,
    0.003874292311731989,
    0.000294079259399364,
    -0.007306029579283686,
    -0.009182752812181736,
    0.00568803297614206,
    -0.005993213794873425,
    0.007521941921389419,
    -0.009807460741429597,
    0.002221004641778035,
    -0.0070076233850407624,
    -0.0038522970989620176,
    0.0005757793601400583,
    0.008282761893932287,
    0.004288787183248323,
    0.005085510256378778,
    0.0024004830459794127,
    0.003662230830938534,
    -0.0028251184971198563,
    -0.004798541742980713,
    0.0007751073004814875,
    0.00711790759583151,
    0.0026274620728760243,
    -0.005950483653696246,
    0.008399168228495011,
    -0.00833548357277489,
    0.002146020695089491,
    0.007823564323366774,
    -0.004611446654205632,
    -0.00813523598204912,
    0.0008691707891939119,
    0.009040278847902665,
    -0.008205262585555914,
    0.002021325797550216,
    -0.006715033900257078,
    -0.009924257517150295,
    0.0030425394701072573,
    -0.0021247940997703805,
    -0.00003262170596110134,
    -0.004155120344953611,
    -0.008232063317394615
  ]
}