{
  "meta": {
    "processed": 448
  },
  "weights": [
    0.007744888661650561,
    -0.007830670601431309,
    0.005981700130361974,
    -0.007134602147239395,
    0.000895749336780657,
    -0.0052630661015978745,
    0.0005122786007679542,
    -0.00611276199006432,
    0.0025805243508398913,
    -0.0016556155570346665,
    0.00803402229142698,
    0.00033563623078311684,
    0.0021097161135797244,
    0.00328529797269506,
    -0.005028347041257797,
    -0.005684687630876928,
    -0.0013470974192801722,
    0.007547754569694873,
    0.0027370361303870575,
    0.00798834963603355,
    -0.004565600969237305,
    0.004063565658793949,
    0.007236244379559723,
    0.0035103520989436475,
    -0.0015602952494606947,
    -0.008327815920001525,
    0.0049923949347231095,
    0.007160172589278759,
    0.0038540641374922927,
    0.00877367879028173,
    -0.006925384987617917,
    0.0032292710690966222,
    0.003922925566198481,
    -0.005167455680291033,
    -0.008584421589985819,
    0.0070339179248115015,
    0.008084651538324916,
    -0.0010253034896982873,
    0.0012912893944434164,
    0.003171351368002858,
    0.0038247783630801285,
    -0.00005382205460439937,
    -0.004256535562457941,
    -0.003446883094626266,
    0.008734362086361499,
    0.003450485571214231,
    0.007851835865404276,
    0.004753188966668893,
    -0.00147207794711884,
    0.003853588688147109,
    -0.0005556758861857639,
    -0.009281829900357277,
    -0.004666971701409731,
    -0.006126291825883816,
    0.007457857242675846,
    0.009169082092527779,
    -0.004886776594095172,
    -0.007212334651805494,
    0.00041238523651843974,
    -0.0025263959142295786,
    0.0016241584881257487,
    0.006587323284986327,
    -0.008685397342013264,
    -0.0037250957912019975,
    0.0009234282912192245,
    -0.004973555494584779,
    0.0036743554915053458,
    -0.001030810795469135,
    -0.0018575308851859298,
    -0.006312305479364155,
    0.007928038567955402,
    -0.008932600491674443,
    0.005576823839022871,
    0.001004808432674862,
    -0.007649806332804409,
    -0.009800509049467136,
    0.0094535725599646,
    -0.002584063833076387,
    -0.0048202992773401674,
    0.0043482450159016165,
    -0.007854399991124892,
    0.009411397745652866,
    -0.009104111855805,
    -0.005123078813263771,
    0.0032660340276957083,
    0.00564792952828209,
    0.005693696753593164,
    -0.0005903923525890883,
    0.003874292311731989,
    0.00013924103248909742,
    -0.007306029579283686,
    -0.009327643624649714,
    0.005681973791801831,
    -0.005993213794873425,
    0.007521941921389419,
    -0.009807460741429597,
    0.002235929441586129,
    -0.0070076233850407624,
    -0.004018071535288057,
    0.000600588481642847,
    0.008282761893932287,
    0.004017182812179385,
    0.004930026303725438,
    0.0025992323005288582,
    0.003657220111852254,
    -0.0028251184971198563,
    -0.004798541742980713,
    0.0007751073004814875,
    0.007147614664551717,
    0.0024616876365499865,
    -0.006090600964908035,
    0.008399000505108528,
    -0.008350411427695492,
    0.0020549883247029765,
    0.007631846687860771,
    -0.004611446654205632,
    -0.00813523598204912,
    0.0008491485098764548,
    0.00902516155385293,
    -0.008205262585555914,
    0.002021325797550216,
    -0.006715033900257078,
    -0.009924257517150295,
    0.0030425394701072573,
    -0.0021247940997703805,
    -0.00014200112458364814,
    -0.004320894781279649,
    -0.008397837753720652
  ]
}