{
  "meta": {
    "processed": 256
  },
  "weights": [
    0.007744888661650561,
    -0.007795727664757966,
    0.006087167459636088,
    -0.007134602147239395,
    0.0010052992225428883,
    -0.005183083452128154,
    0.0005122786007679542,
    -0.005958345249753676,
    0.002655831668992372,
    -0.0016403989233040098,
    0.00803402229142698,
    0.00033563623078311684,
    0.002174311472253779,
    0.0033860834388525253,
    -0.0050133838301598295,
    -0.005614384897621768,
    -0.0013470974192801722,
    0.007547754569694873,
    0.0029369844636309064,
    0.00798834963603355,
    -0.004565675376016151,
    0.0040685910506931,
    0.007396560977020137,
    0.0035355904704132747,
    -0.0014591169467498954,
    -0.008327815920001525,
    0.005102513708814634,
    0.007160172589278759,
    0.0038540641374922927,
    0.00877367879028173,
    -0.006940421282318349,
    0.0032342485455791187,
    0.003922925566198481,
    -0.00515751709079655,
    -0.008584421589985819,
    0.00691963646093445,
    0.008165399700306736,
    -0.0006808477816072912,
    0.0012912893944434164,
    0.0031716843790501013,
    0.003916519711893642,
    -0.00005382205460439937,
    -0.00415631120967121,
    -0.0034369245637890424,
    0.008620080622484446,
    0.0033362041073371797,
    0.007857081566998773,
    0.004753188966668893,
    -0.0014621061059357325,
    0.0038585505070462163,
    -0.0005556758861857639,
    -0.009032293050677494,
    -0.004781253165286783,
    -0.006035533135449753,
    0.007563324571949959,
    0.009169082092527779,
    -0.004886776594095172,
    -0.007212334651805494,
    0.00041238523651843974,
    -0.0025164080711814864,
    0.0016241584881257487,
    0.0066127333615839555,
    -0.008685397342013264,
    -0.0037250957912019975,
    0.0009234282912192245,
    -0.004973555494584779,
    0.0036743554915053458,
    -0.001030810795469135,
    -0.001701260265446284,
    -0.006312305479364155,
    0.008233537009340316,
    -0.008932600491674443,
    0.005762095201713804,
    0.001004808432674862,
    -0.007639853627657573,
    -0.009800509049467136,
    0.009513489859199038,
    -0.0025790706558636097,
    -0.0048103696495413765,
    0.0043482450159016165,
    -0.007759999192643112,
    0.009411397745652866,
    -0.009004226048120019,
    -0.005032379915020069,
    0.003271011108417038,
    0.005628077064524679,
    0.005784342418001956,
    -0.00026530333397121835,
    0.003874292311731989,
    0.00023414848176691054,
    -0.007306029579283686,
    -0.009267726325415275,
    0.005677565373417019,
    -0.005993213794873425,
    0.007521941921389419,
    -0.009807460741429597,
    0.002221004641778035,
    -0.0070076233850407624,
    -0.003912604206013943,
    0.0005757793601400583,
    0.008282761893932287,
    0.004178289059375823,
    0.0050051414371723585,
    0.00247498593092103,
    0.003662230830938534,
    -0.0028251184971198563,
    -0.004798541742980713,
    0.0007751073004814875,
    0.007142670912895205,
    0.0025671549658240994,
    -0.006005549045859883,
    0.008394148473906444,
    -0.008340454921479763,
    0.0020505765535640285,
    0.007773075924550351,
    -0.004611446654205632,
    -0.00813523598204912,
    0.0008541524292513819,
    0.00903021001379955,
    -0.008205262585555914,
    0.002021325797550216,
    -0.006715033900257078,
    -0.009924257517150295,
    0.0030425394701072573,
    -0.0021247940997703805,
    -0.000057528533433962646,
    -0.004215427452005535,
    -0.008292370424446542
  ]
}