{
  "meta": {
    "processed": 500
  },
  "weights": [
    0.007744888661650561,
    -0.00783065602635428,
    0.005936483633135203,
    -0.007134602147239395,
    0.0008658178814510827,
    -0.005302978026165472,
    0.0005122786007679542,
    -0.0061626557199025945,
    0.0025553843278309884,
    -0.0016657049808071326,
    0.00803402229142698,
    0.00033563623078311684,
    0.0020897894199774516,
    0.0032450657367459087,
    -0.005048259184576144,
    -0.005709827653885831,
    -0.0013470974192801722,
    0.007547754569694873,
    0.0026769410087279896,
    0.00798834963603355,
    -0.004560557231019608,
    0.004063565658793949,
    0.007181097199933967,
    0.003505310020662885,
    -0.0015804567752743897,
    -0.008327815920001525,
    0.00496747847914106,
    0.007160172589278759,
    0.0038540641374922927,
    0.00877367879028173,
    -0.006920341249400219,
    0.0032292710690966222,
    0.003922925566198481,
    -0.005172402981642981,
    -0.008584421589985819,
    0.0070537714497071755,
    0.00806943513345417,
    -0.0011101544629494103,
    0.0012912893944434164,
    0.003181298792827286,
    0.0038145054239594406,
    -0.00005382205460439937,
    -0.004276478305627777,
    -0.003446883094626266,
    0.008754215611257173,
    0.0034703390961099046,
    0.007856779947062837,
    0.004753188966668893,
    -0.001477073298009146,
    0.003853588688147109,
    -0.0005556758861857639,
    -0.009366557481353005,
    -0.004647118176514057,
    -0.006151351579580212,
    0.007412640745449075,
    0.009169082092527779,
    -0.004886776594095172,
    -0.007212334651805494,
    0.00041238523651843974,
    -0.0025263959142295786,
    0.0016241584881257487,
    0.006582301915069384,
    -0.008685397342013264,
    -0.0037250957912019975,
    0.0009234282912192245,
    -0.004973555494584779,
    0.0036743554915053458,
    -0.001030810795469135,
    -0.0018978873130655778,
    -0.006312305479364155,
    0.007832840310238969,
    -0.008932600491674443,
    0.005516919549495817,
    0.0009998067645033211,
    -0.007649806332804409,
    -0.009800391542461385,
    0.009423565403347748,
    -0.0025890550956061556,
    -0.0048202992773401674,
    0.0043482450159016165,
    -0.007869278615557189,
    0.009411397745652866,
    -0.00911912570863745,
    -0.005143281216801453,
    0.0032660340276957083,
    0.00564792952828209,
    0.005668576435930707,
    -0.0007004653096148913,
    0.003874292311731989,
    0.0000993291079214997,
    -0.007306029579283686,
    -0.009357650781266566,
    0.005651890635719985,
    -0.005993213794873425,
    0.007521941921389419,
    -0.009807460741429597,
    0.002235929441586129,
    -0.0070076233850407624,
    -0.004063288032514828,
    0.0006055853719694403,
    0.008282761893932287,
    0.003967014129748836,
    0.0049150124508929895,
    0.002624134740054314,
    0.003652212819950921,
    -0.0028251184971198563,
    -0.004798541742980713,
    0.0007751073004814875,
    0.007157502763120668,
    0.0024164711393232148,
    -0.006115517420490085,
    0.008399000505108528,
    -0.008350411427695492,
    0.0020198764509947228,
    0.007611685162047076,
    -0.004611446654205632,
    -0.00813523598204912,
    0.0008491485098764548,
    0.009020115411036506,
    -0.008205262585555914,
    0.002021325797550216,
    -0.006715033900257078,
    -0.009924257517150295,
    0.0030425394701072573,
    -0.0021247940997703805,
    -0.00015687974901594414,
    -0.00436611127850642,
    -0.008443054250947424
  ]
}